Variable	DF	R2	F	pvalue	adjP
Sex	1	0.0151247200113584	0.844634460349442	0.4747	0.4747
Year Collected	1	0.232405004663906	16.6523691975324	1e-04	0.000233333333333333
Library Layout	1	0.0264903759026154	1.49661661125817	0.1964	0.229133333333333
Platform	1	0.045749806421639	2.63687591590047	0.0182	0.03185
Host Family	1	0.235095182285649	16.9043712711186	1e-04	0.000233333333333333
Host Tribe	4	0.360326633580022	7.32287208197573	1e-04	0.000233333333333333
Continent	2	0.0574882346434362	1.6468572514695	0.0609	0.08526
