Variable	DF	R2	F	pvalue	adjP
Sex	2	0.0464296219614118	3.5787366016792	3e-04	6e-04
Year Collected	1	0.0257558361079819	3.91263698080906	0.0015	0.0018
Library Layout	1	0.013339947159684	2.00100548709734	0.045	0.045
Platform	6	0.0861595804696856	2.24707723286041	1e-04	3e-04
Host Tribe	2	0.0447589180361423	3.44392691831582	6e-04	9e-04
Continent	5	0.0970495664768443	3.09543847675825	1e-04	3e-04
