Variable	DF	R2	F	pvalue	adjP
Sex	2	0.0786363326134371	3.37123683967405	2e-04	6e-04
Year Collected	1	0.0122826052561049	0.99482749389381	0.412	0.412
Library Layout	1	0.0536550153526147	4.53576792590977	1e-04	6e-04
Platform	5	0.0914209284641755	1.52941901942178	0.0297	0.0525
Host Tribe	2	0.0406785054842614	1.67493481154556	0.035	0.0525
Continent	5	0.074706304439386	1.22721664799701	0.1513	0.18156
