Variable	DF	R2	F	pvalue	adjP	Significance	Dispersion
Sociality	1	0.0141693051086948	1.19295567699009	0.2919	0.3283875		NonSig Dispersed
Sex	2	0.0693224885280003	3.05392791231479	3e-04	0.00135	*	Sig Dispersed
Year Collected	1	0.0103827434716259	0.870809095597292	0.5187	0.5187		NonSig Dispersed
Library Layout	1	0.0437918799354959	3.80118716666092	0.0014	0.0042	*	Sig Dispersed
Platform	6	0.122719325768376	1.81851861308377	0.0019	0.004275	*	Sig Dispersed
Host Family	1	0.0141693051086948	1.19295567699009	0.2909	0.3283875		NonSig Dispersed
Host Tribe	2	0.0435331030928616	1.8660940933543	0.0259	0.04662	*	NonSig Dispersed
Continent	4	0.0655824107411556	1.40370668307248	0.083	0.1245		NonSig Dispersed
Tissue Type	6	0.145953021212019	2.22164508848087	2e-04	0.00135	*	Sig Dispersed
