Variable	DF	R2	F	pvalue	adjP	Significance	Dispersion
Sociality	1	0.0186883179602768	1.61875890779341	0.1057	0.15855		NonSig Dispersed
Sociality 	2	0.0430523395436546	1.88954771044762	0.0241	0.054225		NonSig Dispersed
Sex	2	0.0697417488098468	3.14875299011438	2e-04	9e-04	*	Sig Dispersed
Year Collected	1	0.0085566091704391	0.733588812245515	0.6489	0.6489		NonSig Dispersed
Library Layout	1	0.0639863652796593	5.81064297252042	1e-04	9e-04	*	Sig Dispersed
Platform	6	0.127002255020256	1.93971108173867	4e-04	0.0012	*	Sig Dispersed
Host Family	2	0.0298981374181508	1.29442259622132	0.1295	0.1657125		Sig Dispersed
Host Tribe	4	0.0614089853049	1.34124893488289	0.0537	0.09666		Sig Dispersed
Continent	5	0.0706465182254404	1.23147286548797	0.1473	0.1657125		Sig Dispersed
