1	2	pvalue	padj
Europe	Asia	0.7211	0.8398
Europe	North America	0.2016	0.369714285714286
Europe	Africa	0.094	0.313333333333333
Europe	Oceania	0.8398	0.8398
Asia	North America	0.2454	0.369714285714286
Asia	Africa	0.1618	0.369714285714286
Asia	Oceania	0.0067	0.067
North America	Africa	0.2588	0.369714285714286
North America	Oceania	0.8336	0.8398
Africa	Oceania	0.0537	0.2685
