Variable	DF	R2	F	pvalue	adjP
Library Layout	1	0.133952226040706	0.464012136749635	1	1
Platform	1	0.133952226040706	0.464012136749635	1	1
Host Family	1	0.489192396836616	2.87305275297643	0.2	0.4
Host Tribe	1	0.489192396836616	2.87305275297643	0.2	0.4
