Variable	Factor_Levels	AvgDistanceToMedian	ANOVA_DF	ANOVA_Fvalue	ANOVA_pvalue	adj_pvalue	Sig
Sociality	O. Eusocial,Solitary	0.642582062216971,0.500000013527173	1	3.54876127702499	0.063091496446817	0.115667743485831	Non-Sig
Host Family	Apidae,Megachilidae	0.642582062216971,0.500000013527173	1	3.54876127702499	0.063091496446817	0.115667743485831	Non-Sig
Host Tribe	Apini,Bombini,Osmiini	0.631579458223944,0.629567495052185,0.500000013527173	2	1.31204469131206	0.274861304738545	0.377934294015499	Non-Sig
Continent	Africa,Asia,Europe,North America,Oceania	0.56031185705517,0.640682339999485,0.622574533894696,0.625545808529829,0.611715338312206	4	0.662375276531496	0.619954055330214	0.757721623181372	Non-Sig
Tissue Type	abdomen,abdomen and fatbody,abdomen and fatbody, pooled,abdomen and head, pooled,gut,whole body,whole body, pooled	0.590394275400023,1.37333013910121e-14,3.15420020890391e-14,0.606058049891449,0.49513288901366,0.634447255547429,0.602388765080263	6	11.8715097717039	2.02572670714222e-09	1.11414968892822e-08	Sig
