Variable	Factor_Levels	AvgDistanceToMedian	ANOVA_DF	ANOVA_Fvalue	ANOVA_pvalue	adj_pvalue	Sig
Sociality	O. Eusocial,Solitary	0.642588377789667,0.500000010932009	1	3.54921007981647	0.0630751703628734	0.105125283938122	Non-Sig
Host Family	Apidae,Megachilidae	0.642588377789667,0.500000010932009	1	3.54921007981647	0.0630751703628734	0.105125283938122	Non-Sig
Host Tribe	Apini,Bombini,Osmiini	0.63158076433177,0.629571046652713,0.500000010932009	2	1.31191188303952	0.274896678985398	0.343620848731747	Non-Sig
Continent	Africa,Asia,Europe,North America,Oceania	0.560315446150113,0.640684578248723,0.622592933121939,0.62554441707963,0.61173255028164	4	0.662401322960542	0.619936053248546	0.619936053248546	Non-Sig
Tissue Type	abdomen,abdomen and fatbody,abdomen and fatbody, pooled,abdomen and head, pooled,gut,whole body,whole body, pooled	0.590389291605338,3.91224210428058e-15,0,0.60607002841586,0.495164809133382,0.634449104446192,0.602395305904579	6	11.8677660455894	2.03701768090551e-09	1.01850884045276e-08	Sig
