Variable	DF	R2	F	pvalue	adjP
Sex	2	0.0388697583892115	2.32539879676862	6e-04	0.0012
Year Collected	1	0.0462778578697036	5.62871645288089	1e-04	3e-04
Library Layout	1	0.0170341580466819	2.01020447413364	0.023	0.0276
Platform	6	0.0965284366838485	1.97657142865304	1e-04	3e-04
Host Tribe	2	0.0353278244342301	2.10574115893502	0.0065	0.00975
Continent	5	0.0596014061309436	1.41968682858222	0.0399	0.0399
