Variable	R_Statistic	pvalue	adjP	Significance	Dispersion
Sociality	-0.0205693354191811	0.6593	0.7417125		Sig Dispersed
Sociality 	-0.00684865342482413	0.6105	0.7417125		Sig Dispersed
Sex	0.0377259684912658	0.0198	0.0891		Sig Dispersed
Year Collected	0.0337523426449347	0.1755	0.417825		Sig Dispersed
Library Layout	0.073860561148523	0.2727	0.49086		Sig Dispersed
Platform	0.00399345604757965	0.4466	0.6699		Sig Dispersed
Host Family	0.0554567204628159	0.1857	0.417825		Sig Dispersed
Host Tribe	-0.0450433806361072	0.9468	0.9468		Sig Dispersed
Continent	0.0371800502020288	0.0165	0.0891		Sig Dispersed
