Variable	DF	R2	F	pvalue	adjP	Significance	Dispersion
Sociality	2	0.0320850217503681	2.270678767545	0.0011	0.002475	*	Sig Dispersed
Sex	3	0.0371525026092892	1.74923525222707	0.0037	0.00555	*	Sig Dispersed
Year Collected	1	0.0314398042723313	4.47952848849225	1e-04	0.00045	*	Sig Dispersed
Library Layout	1	0.0126476472877263	1.76773298905062	0.0346	0.038925	*	Sig Dispersed
Platform	6	0.0646850985252507	1.53301632963284	0.0031	0.00555	*	Sig Dispersed
Host Family	3	0.0255468455073089	1.1884857241813	0.188	0.188		Sig Dispersed
Host Tribe	13	0.11525128173834	1.26256287405038	0.0126	0.0162	*	Sig Dispersed
Continent	5	0.062731061977536	1.79371404812059	8e-04	0.0024	*	Sig Dispersed
Tissue Type	5	0.0850420413939554	2.49096331467546	1e-04	0.00045	*	Sig Dispersed
