Variable	DF	R2	F	pvalue	adjP	Significance	Dispersion
Sociality	2	0.0320932392385095	2.27127960766422	0.0017	0.00495	*	Sig Dispersed
Sociality 	3	0.0378696877511892	1.78433124515253	0.0066	0.0099	*	Sig Dispersed
Sex	3	0.0371452595438803	1.74888107406337	0.0034	0.00612	*	Sig Dispersed
Year Collected	1	0.031436050690924	4.47897632205095	1e-04	9e-04	*	Sig Dispersed
Library Layout	1	0.0126451945279123	1.76738578186951	0.0358	0.040275	*	Sig Dispersed
Platform	6	0.0646795031599007	1.53287455108154	0.0022	0.00495	*	Sig Dispersed
Host Family	3	0.0255537658276941	1.1888161127461	0.1882	0.1882		Sig Dispersed
Host Tribe	13	0.115248452272799	1.26252784000173	0.0081	0.0104142857142857	*	Sig Dispersed
Continent	5	0.0627284397212843	1.79363404991239	7e-04	0.00315	*	Sig Dispersed
