1	2	pvalue	padj
Apidae	Halictidae	0.014	0.084
Apidae	Megachilidae	0.49	0.6203
Apidae	Andrenidae	0.6203	0.6203
Halictidae	Megachilidae	0.133333333333333	0.266666666666667
Halictidae	Andrenidae	0.542857142857143	0.6203
Megachilidae	Andrenidae	0.1	0.266666666666667
