1	2	pvalue	padj
Apidae	Halictidae	0.0124	0.0744
Apidae	Megachilidae	0.4879	0.6259
Apidae	Andrenidae	0.6259	0.6259
Halictidae	Megachilidae	0.133333333333333	0.266666666666667
Halictidae	Andrenidae	0.542857142857143	0.6259
Megachilidae	Andrenidae	0.1	0.266666666666667
