Variable	Factor_Levels	AvgDistanceToMedian	ANOVA_DF	ANOVA_Fvalue	ANOVA_pvalue	adj_pvalue	Sig
Sociality	O. Eusocial,Social,Solitary	0.640623876553464,0.586538149908449,0.564649093266278	2	5.99805942351651	0.00318327662849698	0.00318327662849698	Sig
Host Family	Andrenidae,Apidae,Halictidae,Megachilidae	0.455972911401204,0.639040144393788,0.608822570782454,0.594775192556999	3	7.15988927285366	0.000168496284580196	0.000224661712773594	Sig
Host Tribe	Allodapini,Andrenini,Anthophorini,Apini,Augochlorini,Bombini,Ceratinini,Epeolini,Euglossini,Halictini,Meliponini,Nomadini,Osmiini,Rophitini	0,0.455972911401204,0.455313450292398,0.635953003947359,0.432519893733878,0.646793293626729,0.159357894736841,0,0.539502754305666,0.410367968320017,0.314210241294497,0,0.594775192556999,0	13	15.7045361750465	1.19038250129174e-20	4.76153000516694e-20	Sig
Continent	Africa,Asia,Europe,North America,Oceania,South America	0.539591133834091,0.626974047462346,0.644089227239315,0.638260586632826,0.60814320827414,0.103771799916326	5	23.8846127106511	4.0402389901186e-17	8.08047798023719e-17	Sig
