Variable	Factor_Levels	AvgDistanceToMedian	ANOVA_DF	ANOVA_Fvalue	ANOVA_pvalue	adj_pvalue	Sig
Sociality	F. Eusocial,O. Eusocial,Solitary	0.58653814990845,0.640623876553464,0.564649093266257	2	5.99805942350485	0.0031832766285311	0.00389067143487134	Sig
Host Family	Andrenidae,Apidae,Halictidae,Megachilidae	0.455972911395678,0.639040144393788,0.608822570778388,0.594775192557016	3	7.15988927418083	0.000168496284302731	0.000231682390916256	Sig
Host Tribe	Allodapini,Andrenini,Anthophorini,Apini,Augochlorini,Bombini,Ceratini,Epeolini,Euglossini,Halictini,Meliponini,Nomadini,Osmiini,Rophitini	0,0.455972911395678,0.455313450292397,0.635953003947359,0.432519893733888,0.646793293626729,0.159357894736844,0,0.539502754307884,0.410367968320017,0.314210241294717,0,0.594775192557016,0	13	15.7045361748515	1.19038250183731e-20	6.54710376010519e-20	Sig
Continent	Africa,Asia,Europe,North America,Oceania,South America	0.539591133833941,0.626974047462347,0.644089227239315,0.638260586632826,0.60814320827414,0.103771799917121	5	23.8846127103686	4.04023899159077e-17	1.48142096358328e-16	Sig
Tissue Type	abdomen,abdomen and fatbody,abdomen and head, pooled,gut,whole body,whole body, pooled	0.63302343899672,0,0.621167678727456,0.355985071839341,0.624366473357918,0.593457949478103	5	8.11574181348409	1.02518564096551e-06	2.25540841012412e-06	Sig
