Variable	DF	R2	F	pvalue	adjP
Sex	2	0.0464400775819076	3.57958175676516	1e-04	2e-04
Year Collected	1	0.0257727014334671	3.91526681480342	0.0016	0.00192
Library Layout	1	0.0133467997427965	2.00204728613757	0.049	0.049
Platform	6	0.0861591898077017	2.24706608362651	1e-04	2e-04
Host Tribe	2	0.0447631199325376	3.44426537929435	7e-04	0.00105
Continent	5	0.0970389834118046	3.09506464943495	1e-04	2e-04
