Variable	DF	R2	F	pvalue	adjP
Sex	2	0.0464382864573163	3.57943697417541	2e-04	0.00035
Year Collected	1	0.0257576711033054	3.91292310980405	0.0018	0.0021
Library Layout	1	0.0133525032658069	2.00291440446619	0.0447	0.0447
Platform	6	0.08613345469041	2.24633164144625	2e-04	0.00035
Host Tribe	2	0.0447636244545886	3.44430601853253	5e-04	7e-04
Continent	5	0.0970484479177853	3.095398965301	1e-04	0.00035
Tissue Type	6	0.106161142770092	2.83068237884448	1e-04	0.00035
