Variable	DF	R2	F	pvalue	adjP	Significance	Dispersion
Sociality	2	0.0279010285695918	2.88453486080529	5e-04	0.000642857142857143	*	NonSig Dispersed
Sex	2	0.0485596023305001	5.12931766001227	1e-04	0.00015	*	Sig Dispersed
Year Collected	1	0.0179210697758584	3.68611522283366	0.002	0.00225	*	Sig Dispersed
Library Layout	1	0.0105825688499573	2.1605430027715	0.0171	0.0171	*	Sig Dispersed
Platform	5	0.125643200268924	5.69043522298872	1e-04	0.00015	*	Sig Dispersed
Host Family	3	0.0608246608282772	4.31759355194311	1e-04	0.00015	*	NonSig Dispersed
Host Tribe	7	0.118958222340962	3.7805587771298	1e-04	0.00015	*	Sig Dispersed
Continent	5	0.0562694978473489	2.36113181641615	1e-04	0.00015	*	NonSig Dispersed
Tissue Type	5	0.0741081600732855	3.16957447117623	1e-04	0.00015	*	Sig Dispersed
