Variable	DF	R2	F	pvalue	adjP
Sex	2	0.0567942525365597	1.50535163428807	0.1191	0.1191
Year Collected	1	0.236611374098603	15.8073878357567	1e-04	0.000166666666666667
Host Family	1	0.29845079597715	21.6962552413343	1e-04	0.000166666666666667
Host Tribe	2	0.373321844516394	14.8928856562865	1e-04	0.000166666666666667
Continent	1	0.0340151206717201	1.79585746255577	0.1181	0.1191
