Variable	DF	R2	F	pvalue	adjP
Sex	2	0.056791802419548	1.50528278287954	0.1175	0.1245
Year Collected	1	0.236651765827572	15.8109228749194	1e-04	0.00015
Host Family	1	0.298478045329495	21.6990789959723	1e-04	0.00015
Host Tribe	2	0.373361081808753	14.8953835681973	1e-04	0.00015
Continent	1	0.0340161026439874	1.79591113225771	0.1245	0.1245
Tissue Type	1	0.386534959365999	32.1343216351705	1e-04	0.00015
