Variable	DF	R2	F	pvalue	adjP
Sex	2	0.0567688575735193	1.50463802084292	0.1236	0.1236
Year Collected	1	0.236602464860967	15.8066081595504	1e-04	0.000166666666666667
Host Family	1	0.298480064626564	21.6992882573628	1e-04	0.000166666666666667
Host Tribe	2	0.373337668890204	14.8938930248543	1e-04	0.000166666666666667
Continent	1	0.034014687146403	1.79583376826089	0.1223	0.1236
