Variable	DF	R2	F	pvalue	adjP
Sex	2	0.376952121517767	6.35263743386524	0.0024	0.0188
Year Collected	1	0.202691711952926	5.59283997145793	0.0179	0.0477333333333333
Library Layout	1	0.0351612731816245	0.801738143893301	0.4133	0.555866666666667
Platform	1	0.0351612731816245	0.801738143893301	0.4169	0.555866666666667
Host Family	1	0.0232814393802845	0.524400463979387	0.5629	0.5629
Host Tribe	1	0.0232814393802845	0.524400463979387	0.5579	0.5629
Continent	1	0.0494032188805502	1.14335629675936	0.221	0.442
Tissue Type	2	0.38006310616954	6.43720781017356	0.0047	0.0188
