Variable	Factor_Levels	AvgDistanceToMedian	ANOVA_DF	ANOVA_Fvalue	ANOVA_pvalue	adj_pvalue	Sig
Sociality	O. Eusocial,Social,Solitary	0.613071721628628,0.612379339182255,0.627360682344649	2	0.231766755101756	0.79334275712279	0.79334275712279	Non-Sig
Host Family	Andrenidae,Apidae,Halictidae,Megachilidae	0.615068449812729,0.608628623433225,0.533659509295751,0.558694158990226	3	1.99815669948416	0.115513097458162	0.192521829096937	Non-Sig
Host Tribe	Andrenini,Apini,Augochlorini,Bombini,Ceratini,Euglossini,Meliponini,Osmiini	0.615068449812729,0.621842995749002,0.533659509295751,0.565464683648573,0.504536244073726,0.301321568789111,0.623257661656054,0.558694158990226	7	7.69465273979279	3.28268378389907e-08	8.20670945974768e-08	Sig
Continent	Africa,Asia,Europe,North America,Oceania,South America	0.482302211773734,0.611661789174142,0.587469438008671,0.610233927366455,0.60676320621422,0.59904174186161	5	1.03987859093591	0.395371942431462	0.494214928039328	Non-Sig
Tissue Type	abdomen,abdomen and fatbody, pooled,abdomen and head, pooled,gut,whole body,whole body, pooled	0.532291953050004,0.244947552964422,0.555455690955431,0.635420394272819,0.6388574047321,0.604762934254671	5	12.7997276137449	8.67032510957295e-11	4.33516255478648e-10	Sig
