Variable	Factor_Levels	AvgDistanceToMedian	ANOVA_DF	ANOVA_Fvalue	ANOVA_pvalue	adj_pvalue	Sig
Sociality	O. Eusocial,F. Eusocial,Solitary	0.613069548176689,0.612384442035063,0.627347346780254	2	0.231440716957138	0.793600864385491	0.793600864385491	Non-Sig
Host Family	Andrenidae,Apidae,Halictidae,Megachilidae	0.61506975694379,0.608631621351453,0.533631000632333,0.558701084472958	3	1.99955242123561	0.115308376805854	0.158549018108049	Non-Sig
Host Tribe	Andrenini,Apini,Augochlorini,Bombini,Ceratini,Euglossini,Meliponini,Osmiini	0.61506975694379,0.621842090012727,0.533631000632333,0.565461719865775,0.504532583894757,0.301420546449054,0.62325780328168,0.558701084472958	7	7.69097719544141	3.31302133446237e-08	7.62695252277346e-08	Sig
Continent	Africa,Asia,Europe,North America,Oceania,South America	0.482290135513799,0.611662726181505,0.587447088775453,0.610234528784084,0.606767692380815,0.59904267119538	5	1.04028903974574	0.39513457795876	0.434648035754636	Non-Sig
Tissue Type	abdomen,abdomen and fatbody, pooled,abdomen and head, pooled,gut,whole body,whole body, pooled	0.532311099841743,0.245157058074837,0.555398787356082,0.635418347511212,0.63885424371361,0.604755432386641	5	12.7834242948035	8.92919726577755e-11	4.91105849617765e-10	Sig
