Variable	DF	R2	F	pvalue	adjP
Sex	2	0.0508648190187827	3.91212112117949	1e-04	2e-04
Year Collected	1	0.0247851497819894	3.73601470192744	0.0022	0.00264
Library Layout	1	0.0229990231088975	3.46044321037026	0.0049	0.0049
Platform	6	0.0981556125207816	2.57585032988339	1e-04	2e-04
Host Tribe	2	0.0402136066642688	3.05859023098774	9e-04	0.00135
Continent	5	0.109531179418793	3.51791287799708	1e-04	2e-04
